{"cameraMode":{"drawMode":0,"name":"Shaded","section":"Shading Mode"},"sceneLighting":false,"audioPlay":false,"sceneViewState":{"showFog":true,"showMaterialUpdate":false,"showSkybox":false,"showFlares":true,"showImageEffects":true,"showParticleSystems":true},"in2DMode":false,"pivot":{"x":1.0200004577636719,"y":4.156936168670654,"z":-2.1401126384735109},"rotation":{"x":0.23849844932556153,"y":0.15220777690410615,"z":-0.03787684813141823,"w":0.9583941698074341},"size":35.26475524902344,"orthographic":false}