{"cameraMode":{"drawMode":0,"name":"Shaded","section":"Shading Mode"},"sceneLighting":false,"audioPlay":false,"sceneViewState":{"showFog":true,"showMaterialUpdate":false,"showSkybox":false,"showFlares":true,"showImageEffects":true,"showParticleSystems":true},"in2DMode":false,"pivot":{"x":-1.1333403587341309,"y":4.076935768127441,"z":2.19499135017395},"rotation":{"x":0.45652279257774355,"y":-0.5380338430404663,"z":0.44623321294784548,"w":0.550441324710846},"size":34.805137634277347,"orthographic":true}